A,B,C,D,G,H,I,J,K,L,M,N,O,P,Q,R,S,T,U,V,W,X,Y,Z,name
-8.803954548,-55.77225321,-82.05721969,9.116343841,-51.80283893,-73.828125,-16.47792295,-72.34161603,-86.68267804,33.70879104,-40.44840817,-39.5695446,-31.55604457,-70.64014835,-91.82689428,-23.64864865,42.56552218,-23.52408274,26.39512198,-76.83794975,464.5847272,5.567831169,11.18355653,3.61492065,'2CBD'
-12.34712619,-44.31118524,-84.14369677,9.023353466,-41.29602632,-84,-23.95764418,-43.93797216,-47.00017963,33.87720135,-35.28786617,-36.12977948,-37.20803675,-38.79248785,-77.69836337,-22.6519337,41.66562223,-29.89451661,46.71291753,-53.97557753,1423.015743,11.56395878,8.901787333,26.71078434,'2CBD'
1.123781436,-4.803670514,-2.526035896,17.03671384,-14.16482051,64.36781609,-14.10502991,-26.53868165,-15.51608128,43.44468095,-44.9051326,6.154569139,-25.9192594,-5.022364982,-38.94538606,-28.24858757,23.87272129,-55.77516715,29.37711736,-85.6529546,343.4299941,11.12843626,9.658251312,43.0803906,'2CBD'
7.597439285,-42.414118,-59.06932574,27.42964267,-36.14867683,-47.52475248,-15.40649017,-36.65492408,-43.68172183,14.00885952,-48.13786344,-50.36410416,-36.83542685,-17.12223236,-39.03411608,-10.68376068,47.68047256,-29.0934216,57.20071338,-78.73771503,3012.419999,32.98160092,3.811989875,41.3127008,'2CBD'
1.611762033,-52.02791706,-63.48810711,37.17701063,-47.15091162,-50.83333333,-30.18354594,-33.86387488,-58.48791456,15.48479059,-44.51678549,-28.98022295,-45.78905678,-3.070263139,-30.94640484,-9.663865546,96.12174173,-48.70840263,73.24761575,-89.19940857,1150.009265,20.95534206,15.67548774,56.39805874,'2CBD'
12.40551105,-34.46026979,-37.53973739,40.1490415,-12.98675692,-36.09958506,-21.73305292,-42.550613,-58.24071366,16.68084636,-37.95280471,-27.70457931,-42.13813456,-46.64819064,-74.71942328,-12.07729469,31.63408201,-41.51846478,63.92542835,-85.93139795,1003.620549,28.29942825,-18.27679255,57.40109542,'2CBD'
15.51701936,-24.33565573,29.30777178,23.91512133,-54.13624898,-47.64397906,-9.571906168,-27.15056791,18.75154512,34.09328043,-58.03171733,-48.74176256,-32.82802344,1.395417417,-7.344827586,-23.56020942,61.87344874,-42.87750946,40.61957953,-83.25349892,1296.21731,27.15960532,2.317921746,42.64208963,'2CBD'
9.62968135,15.8386181,40.90993847,15.00831319,-4.874596791,64.1025641,-3.049678467,-3.921070426,6.674316313,43.98565692,-34.37787349,0.177814658,19.76771223,-3.73501196,-22.04226438,-28.81355932,86.02261829,-52.84798029,12.99363709,-70.82056421,131.9242522,9.547694474,52.5841077,45.57768259,'2CBD'
29.85299278,9.722431381,21.46765683,51.78318107,4.745022072,66.05504587,0.373810766,54.39688974,68.20683662,-4.175305664,-21.48782583,-20.57216806,-29.6861541,-2.112153299,-12.51388375,2.752293578,57.75027969,-35.70937113,47.44603152,-75.10100873,263.3757093,47.99720066,0.793348997,73.18051846,'2CBD'
19.00630578,23.96469806,40.48370137,16.70094962,11.95909401,40.94488189,-9.787116324,-3.759747408,-32.75313607,37.05597954,-43.36954975,4.800165619,-11.98327845,14.33875708,-16.19838016,-25,17.59277353,-65.05841299,6.087160796,-88.41591465,153.4798447,-4.295713036,-22.40857037,48.64816349,'2CBD'
-13.46276483,7.370053861,-29.58426919,30.83654178,-9.024178741,-30.09259259,-43.64399386,21.44701994,-30.4736616,43.1829306,-25.95134398,-0.017473916,-61.42518112,58.09925541,18.43977115,-25.51724138,184.9658637,-46.55622766,133.5520903,-86.30544327,1663.223464,31.62063033,3.811129815,53.00420085,'2CBD'
39.82151005,-31.13350046,18.9254696,88.92716948,-26.53682596,29.50819672,-20.17474303,-30.87143687,-61.26925899,47.13119171,-45.25089168,5.000989642,-52.75544819,-33.88091403,-74.08009758,-29.01785714,164.829156,-51.99058358,111.089296,-86.73030585,1090.175804,68.50257294,-0.538235287,78.25063143,'2CBD'
-0.898157446,-23.87486551,-18.23606756,23.33722981,-42.09100675,-7.142857143,-14.98956436,-6.687013199,-19.45610513,58.83920482,-34.55342653,36.40681612,-32.17199727,24.05094617,10.09070295,-34.30962343,71.11858206,-35.14038795,58.12717805,-83.88915896,2440.545081,34.42460293,18.26730239,27.09486233,'2CBD'
51.58145377,-19.91236517,-1.915991157,44.56105563,-19.47544208,-8.962264151,-5.054248163,-7.031813325,-0.262715879,21.43389947,-23.70896145,37.81807288,-3.749320237,-14.28098598,-22.72384441,-17.5,41.61175868,-55.3208964,14.30853322,-89.43271207,383.4646451,8.531096282,4.653640764,40.19650766,'2CBD'
2.418812764,21.00511579,20.44595616,7.815765859,14.65406021,45.45454545,12.43043233,-18.05765692,7.395267848,144.0505134,-28.47394969,121.1022918,28.3581105,-30.6578742,-13.04206594,-57.74647887,23.34126993,-56.28314219,15.17514297,-79.07721563,1383.20353,29.49191118,2.128678964,10.62801932,'2CBD'
-17.75534955,-10.03681427,13.46139416,-31.96139236,-29.85633538,-49.5049505,-19.09205998,-32.0458204,-43.4243006,-11.38726329,-36.19646338,-42.47780187,-7.036596767,-19.43157269,-39.9321267,15.65217391,4.003994155,-45.64251131,-11.6333715,-74.40834519,120.3962381,-28.50438122,-4.583013646,13.15529706,'2CBD'
-26.56634826,-30.57480578,-72.26818434,-7.010466051,-34.21298678,-42.14285714,-50.44923436,-31.20365279,-57.2181189,-24.48272448,-46.56343845,-59.76859102,-40.21489571,-32.43058629,-78.69607964,35.06493506,42.19283613,-51.1837341,26.92679541,-75.18186903,568.0120949,-37.10680107,1.316775804,22.18331534,'2CBD'
23.74696471,0.17682152,4.271253395,33.07816725,-16.64955207,27.52293578,18.37905004,-15.98401975,-5.226832758,51.4086206,-63.29823778,-27.33374047,23.59776482,-20.88756538,-43.00626305,-33.13609467,40.40667504,-43.86419664,13.15919036,-70.51760628,-4.880585636,33.95677458,4.835368107,37.17873087,'2CBD'
-56.63005128,28.97476873,-8.874928612,-56.14742789,-10.17951787,-51.92307692,-54.55720525,19.98443848,-31.676713,-64.46784214,-23.64774928,-65.67662341,-54.1950852,11.38666723,-29.07044724,179.2207792,-42.52879424,-12.92575974,-34.91689433,8.108944893,-87.31175354,-70.42441788,-5.27776832,-5.506806996,'Diazepam'
-48.25414365,2.241205528,-68.36300231,-56.0334897,2.618612587,-77.48344371,-49.56132321,1.108527979,-64.31544866,-51.2003082,8.990903399,-36.84963347,-40.61303265,-0.218109907,-52.26438188,109.1954023,-54.26493075,-25.85681525,-41.68296758,31.5677967,-90.57071736,-70.5856605,-14.75216427,-12.60001871,'Diazepam'
-45.6388152,-11.20485256,-60.85559534,-54.50968176,-30.95151634,-84.36724566,-49.54261153,-42.67556127,-82.5002077,-56.34851363,-34.93429925,-73.07964234,-36.42389492,-46.50276152,-78.44940867,128.3950617,-59.10260006,-31.37839414,-49.17075764,15.69274904,-91.45927644,-74.35289173,-14.1844864,-14.13745197,'Diazepam'
-54.31869582,-37.45247348,-85.11894051,-59.90705946,-58.27045123,-89.49152542,-45.98686821,-38.2279599,-65.07124589,-55.2994404,-34.70500008,-72.50485191,-28.7840216,-33.11567479,-57.71407925,125,-49.46109529,-33.0792534,-48.89314326,-12.98326734,-50.59459954,-72.39558611,-11.37906148,-2.482836413,'Diazepam'
-42.91003286,0.452287724,-66.10487624,-63.00856827,18.92182771,-67.44186047,-42.61444875,-8.322036478,-63.23925152,-60.55733753,-5.26092479,-30.16911712,-27.3563852,-13.68981311,-57.87542509,151.8072289,-71.64956719,-31.25599827,-60.14961139,27.6810379,-95.10153029,-77.13163482,-17.08624011,-14.65013567,'Diazepam'
-48.11113118,3.98104505,-60.16681925,-51.90766283,-17.6186682,-55.33980583,-50.82727137,-12.51254854,-72.82345619,-57.59041655,-34.48444452,-69.00984599,-52.25978283,-15.48839377,-75.68048654,137.2340426,-53.40139165,-23.06853363,-40.89351084,17.62032135,-88.82091768,-70.93572648,-16.21899235,-8.976917197,'Diazepam'
-48.53023819,-3.262919868,-76.86456006,-65.10886548,11.81763124,-58.84955752,-47.77558381,-11.9542394,-69.12588521,-54.57891363,-19.73074878,-49.38281689,-33.06077386,-37.48315046,-76.28514938,131.7073171,-64.10327092,-35.50435587,-56.15240394,32.12252853,-94.94646249,-77.10084895,-17.54291751,-12.7523383,'Diazepam'
-39.16936798,23.80314703,-66.74018679,-62.54192758,-6.339589909,-77.39130435,-26.28260552,-14.08949556,-56.51054319,-32.95453885,-35.01649569,-41.03973743,9.711041806,-15.25889951,-40.57387365,46.80851064,-63.18003653,-52.26771436,-64.14667082,12.78645276,-78.64061159,-73.56985989,-12.87692038,-13.73213954,'Diazepam'
-35.387385,23.49102012,-56.73937775,-54.19178003,23.56310619,-29.45205479,-26.1310338,19.0797665,-4.7988003,-15.30033366,-64.56760229,-59.88952829,-16.30068737,9.187042247,-14.73487424,24.05063291,-46.82995722,-39.92069986,-47.54804645,14.43564309,-40.34326909,-61.25428416,-13.76784421,-6.908813045,'Diazepam'
-23.49152887,59.95064774,-40.38216561,-49.75158031,47.19403012,-16.77852349,-16.22886826,35.04904285,-3.330689929,24.95199305,-36.49961353,-5.229214784,0.299306437,22.46387022,-28.58714789,-17.70833333,-42.29165242,-58.21327368,-47.15907702,8.545321847,69.10983172,-52.44143594,-9.977677013,-3.367723123,'Diazepam'
-46.71806911,17.63427498,-70.35444071,-64.69870641,13.73767707,-52.91262136,-35.66853918,2.091323451,-41.41396638,-34.23732435,-32.73901848,-27.18873122,-7.990667501,-16.28145321,-53.01419705,51.61290323,-52.107423,-47.08955224,-58.70647181,79.46181888,-89.15866168,-73.4352701,-14.17015868,-16.5517006,'Diazepam'
-25.57172176,30.3934801,-16.96992552,-37.48551342,40.0534525,41.33333333,-33.70165746,40.1456943,1.541957474,-45.34980937,5.22136427,6.302915579,-22.67592382,48.19290191,31.04386263,81,-48.78590079,-16.37526652,-36.4168075,10.74437108,-86.57360542,-57.84539724,-12.07958354,-9.973841601,'Diazepam'
-45.4230487,29.46652922,-37.19492282,-51.10915711,-9.98121501,-71.02803738,-53.05125886,-0.980112591,-59.38861232,-42.9865025,-11.30245679,-24.42030179,-32.76464831,29.50281068,29.41176471,75.92592593,-26.83347623,-21.51531151,-11.2173547,32.13470427,-35.37687153,-58.31766568,-14.23617724,-2.152612173,'Diazepam'
-50.37680271,-7.652443366,-79.60118399,-53.3468107,-3.992312271,-69.54545455,-34.8415157,-6.442524053,-40.09022261,-9.844126619,-54.25935883,-49.57418198,-23.82306289,21.61975616,-15.24917935,15.29411765,-22.15562913,-41.81818182,-25.49051853,11.25978836,49.31718006,-52.55099683,-5.262408082,-1.326904668,'Diazepam'
-41.40341278,35.59559561,-10.25274201,-57.03222777,19.60718653,-38.0952381,-28.78450909,-2.535435264,-26.99816962,-42.09084628,-30.83592782,-34.76566268,-10.14920507,-2.268205292,13.66610128,72,-56.1424696,-26.01208157,-46.9842729,119.2492936,-77.28357659,-62.24458968,-11.23048291,-8.067991898,'Diazepam'
-51.28639528,-8.420858649,-76.87169801,-67.01875431,-18.86615718,-73.71273713,-41.42836477,-8.301487581,-47.2833345,-38.911071,-47.13247637,-61.86704502,-15.95223103,11.22170827,-3.126755289,65.16853933,-64.2727525,-57.48763986,-61.9280165,-17.09812963,-55.6479372,-77.7006167,-18.44395481,-8.320675829,'Diazepam'
-42.62450087,5.490344456,-44.25157233,-46.13564939,-28.48377371,-66.07929515,-45.63618921,1.08813012,-28.08819623,-38.97463845,-24.31676314,-37.94338064,-37.26488383,0.207026956,-44.77871373,66.39344262,-34.11825513,-15.76713159,-28.6826746,18.25831947,-73.5691868,-61.22918416,-12.92040814,-13.86106139,'Diazepam'
-16.19777399,-24.19769695,-77.70668864,-46.20836796,21.48521571,-51.58730159,-14.45409141,6.388220964,3.498404444,-50.82784231,78.15577144,-8.186638545,-13.36234101,0.021349432,18.97778423,94.95798319,-73.20838966,-16.5521766,-56.50642227,68.32382051,-96.94126144,-62.79302375,-22.38276434,-12.89615913,'CBZ'
-25.52848497,11.53390465,-36.53278469,-56.50386278,-9.367467594,-68.03278689,-10.80017278,-10.12991416,-38.67642665,-47.67132222,40.33977488,-40.50185233,23.72883415,17.16248638,9.239669421,76.8115942,-75.55948244,-40.9773913,-73.1096781,98.26488525,-97.38703287,-76.01387932,-13.96837305,-25.05228586,'CBZ'
-6.331711976,21.94934896,-36.9063412,-43.53478699,52.08305293,-7.692307692,-5.738961031,26.63175217,82.54946481,-54.6365174,66.40763499,22.91799279,0.393105551,21.26418128,70.41767346,105.5172414,-74.02461483,-9.735393358,-59.69755657,78.49755065,-95.57895499,-62.01049809,-25.27513497,-13.53043009,'CBZ'
9.759474156,6.917597073,-13.64963504,-52.173486,1.782081976,-56.34920635,35.31028537,-6.933198682,-6.910529872,-48.48842914,59.60955134,13.31135004,59.60579489,-4.607107329,60.77718224,65.4676259,-85.36007798,-42.30549121,-80.32093902,45.31206084,-98.12911309,-73.37220643,-20.00400306,-21.96759332,'CBZ'
25.82677858,9.425448733,10.74945952,-54.14661091,-9.824808354,-67.69230769,-11.2387299,29.31374396,3.400820431,471.7410149,45.52451692,569.5644227,-29.81919656,68.11776965,-24.3837535,-87.23404255,-80.00240569,-92.94426657,-83.08274045,-77.59925057,-80.10437586,-86.23535676,-8.137371716,-76.86027477,'CBZ'
83.5090587,40.99383454,143.9049721,-58.33424503,-16.62071214,-65.97938144,118.2308316,40.79292971,206.763285,78.5531534,282.8358963,929.9673331,171.9778883,28.86046379,159.7548923,-58.57988166,-92.51917128,-77.86025649,-91.36645724,12.24867923,-97.70062975,-81.15894784,-22.51860125,-64.88003784,'CBZ'
-1.971410989,10.33516202,61.60851899,-31.54220782,-3.043793015,-12.76595745,-12.77127526,17.55563482,38.44743276,-41.82022321,28.14229229,-11.86613483,-4.052062709,9.43953137,-17.27559239,56.95364238,-57.04554412,-34.66901067,-53.34777104,-28.19951744,-86.83722841,-59.30585561,-7.868806122,-7.986213551,'CBZ'
-12.67909865,67.52019959,108.3489362,-50.06015394,19.43789945,16.21621622,18.87959318,15.01950022,11.78970565,-11.88932703,10.11652082,48.33837261,31.01581716,9.788282048,30.53304904,-2.752293578,-70.16543659,-53.60784314,-67.7705345,11.00413078,-93.66111338,-61.68574253,-11.87346073,-17.82868039,'CBZ'
-21.40083934,44.19347498,41.63156417,-46.0687609,12.48006574,-22,-1.306652743,52.63748359,109.3504503,-47.89377835,25.83913882,-21.61188492,11.28227853,54.51259662,79.14327303,71.15384615,-62.73322144,-27.13923759,-61.96423686,217.2521324,-91.56934809,-62.4612322,-9.778370575,-12.14488391,'CBZ'
9.338252792,60.41156216,35.51349061,-60.4247998,-2.956038187,-47.16981132,40.96445127,66.60461103,76.73433363,23.79686285,163.6214101,510.7545297,68.81080631,54.09308191,117.2806785,-32.40740741,-82.10992033,-64.41103945,-83.00745301,13.14832465,-95.21652521,-76.04654937,-19.67231829,-44.94181732,'CBZ'
-17.4781866,65.76851148,118.2194209,-48.86970347,28.56226055,3.174603175,-9.097606193,76.46635493,126.5020756,-39.1204498,25.69262144,-21.73799595,-1.204780717,88.74734255,114.2636854,41.9047619,-67.05194881,-41.3009661,-60.98426322,0.742361319,-89.87345651,-64.5337613,-14.77665206,-14.98952844,'CBZ'
-3.510210004,72.1044838,24.26689333,-52.21878799,12.51533531,-26.66666667,26.67713728,60.26349031,75.22705314,-32.37740807,9.924416025,-17.63341226,55.81717452,28.00115921,84.64106845,26.66666667,-68.50785179,-39.32549664,-72.5426446,351.8730969,-93.814288,-65.21780821,-13.35840803,-23.03285512,'CBZ'
-7.942817028,45.73866985,210.4705704,-53.77411684,24.80198995,-44.66019417,1.636786246,63.16474201,84.32917487,-43.67392184,69.67469206,-4.156145499,27.98742715,51.33458768,117.6767677,46.5648855,-79.78036158,-43.79811393,-73.20646673,-4.263926261,-97.21262272,-72.76791387,-20.24735706,-17.92300682,'CBZ'
-10.88030239,37.45957917,176.958457,-47.5014333,-4.566406442,20.89552239,-33.2775202,60.26554856,19.70843075,-65.36330996,29.41339856,-26.02448344,-33.66493659,56.76885304,21.07788852,147.1698113,-68.5772202,-37.6305412,-66.14682595,11.96809493,-89.49419416,-79.29462921,-12.07743854,-9.591654658,'CBZ'
-33.03055646,0.257155245,-21.34087857,-53.46050047,6.068856566,-23.63636364,-57.06971271,61.33182375,-42.68999571,-14.92100985,83.00507379,99.70216661,-51.33474255,47.4157244,-14.22087746,2.5,-47.48858988,-54.15664389,-32.0097954,-32.85387233,-63.79525829,-70.81160984,-14.2167967,-10.48805328,'CBZ'
37.06130118,24.74786722,77.36103097,-52.95745632,-20.11333113,-53.01204819,38.90245674,49.21288606,71.7005988,36.34960097,49.38085518,131.1427343,42.97327498,38.72231485,19.11577157,-42.85714286,-78.19409465,-70.63255714,-81.71006027,-40.47478688,-91.98102729,-74.59482438,-35.86500987,-40.91503431,'CBZ'
240.8391665,246.9361402,436.4995903,35.34111198,16.50946164,-14.44444444,1254.040056,69.20306557,1261.407069,22.43383498,28.6668461,19.34821604,2202.854446,33.11813334,1505.868981,-45.77464789,-12.91358736,11.25096903,-75.20920924,6.127732066,-78.97152378,235.677237,7.786508456,43.82063707,'CBZ'
1.949377121,4.052989706,-18.94758735,18.3171317,6.903619604,39.47368421,7.50397009,27.25892982,76.78571429,4.081070118,-4.384851128,-10.57918039,7.738620781,43.85942636,96.34276562,-4.6875,20.88123884,26.05300698,27.27441115,11.28502816,2.859119902,36.82504489,1.585557099,3.091672042,'Morphine 10uM'
4.156403725,-16.81324451,-70.35525791,24.03361827,-4.480327303,-46.56084656,-3.564926489,-9.921082579,-0.897748022,-21.69741643,-8.771260268,-42.64912161,-7.556029771,-19.73041686,-35.81216883,26.43678161,9.042478168,32.93814047,22.37080445,1.670021361,-1.117615454,18.00837523,-0.274579809,4.687407235,'Morphine 10uM'
2.43742752,-18.23583358,-16.86118358,16.04359631,-18.13275334,7.142857143,-2.202739204,-18.42959322,-29.37785251,4.557665886,-9.423488281,-17.3699976,4.196607739,21.68699977,6.307726966,-5.376344086,28.30174209,4.701481937,15.0593435,-36.03316945,63.77103464,15.39611397,6.500900514,2.04231395,'Morphine 10uM'
-17.57963967,-12.17755899,-31.93683761,-1.630323088,-14.21928335,-60.52631579,-8.277070795,-28.39474916,-42.02850145,-2.102635903,36.60754227,2.346365445,27.75769661,-12.98510418,18.06371791,1.098901099,28.54255088,0.294845469,10.22593768,-22.89008343,167.9783269,1.102458783,13.30847424,2.368820162,'Morphine 10uM'
-6.427152148,27.27277722,5.50015421,-15.40316976,39.43157725,-9.836065574,-12.78730435,9.299889346,-17.39277844,-28.96404136,29.06106467,-0.910246195,-4.023982769,0.219511829,-14.56717344,41.25,-33.828385,-3.089319128,-20.66374536,-10.76169745,-57.96786938,-30.8087137,-4.354786863,0.339903674,'Morphine 10uM'
48.06415741,-15.54712111,12.25243715,29.2242529,-6.167541625,-1.818181818,25.25053127,3.915995614,18.77485089,10.98803145,26.65226148,29.17129179,31.1398399,-10.60608239,23.52820932,-8.235294118,-24.43914551,-3.420033204,-16.71038832,1.18626581,-5.903783321,4.32068112,-8.820980149,-1.417344618,'Morphine 10uM'
11.59561368,-17.22310849,15.27886268,16.92538878,-9.743515235,20,4.342829416,-19.30918242,-19.3852752,-2.384063142,-4.270833351,21.69107737,5.122196922,-8.182832556,-9.559495522,3.75,21.49364338,21.45802263,16.1759919,-9.146902519,72.8426949,21.22131705,-2.17209569,1.854844963,'Morphine 10uM'
-12.80344488,9.843176314,-1.148191866,-17.69351813,12.07313048,-3.658536585,-4.992205896,6.882689182,12.19826199,-18.31174115,-0.263179423,-9.681641056,5.162812453,7.434728406,36.16386327,19.48051948,-19.86199677,-8.796661257,-19.20514641,-11.59620233,-5.187157402,-23.23859185,1.697365332,0.572768632,'Morphine 10uM'
-22.71272037,11.37636301,28.65883505,-18.5536894,2.173392167,16.53543307,-18.5252448,9.907203464,14.3501127,-33.86690402,8.733411933,-5.196634011,-11.3812017,20.81423757,16.63926941,50,-13.6191586,6.884343037,-11.2601517,-4.03976524,-30.07193869,-27.69942583,4.37963094,1.427470449,'Morphine 10uM'
26.63115487,-26.82518809,-52.38883778,42.92531903,-34.71600541,-7.518796992,4.085105475,-32.61826187,-37.2024136,30.14144015,-31.97192846,-9.401739954,-11.84799212,-9.547960036,-15.06315007,-21.17647059,58.17180838,12.58196102,39.49776925,3.963272461,370.3780765,45.19640026,3.955743817,1.365916015,'Morphine 10uM'
-26.86308963,-5.587412695,-59.15877437,-23.73579361,27.84704728,-14.81481481,-28.24755743,61.03038449,26.28026412,-49.03909921,35.78466197,-32.75672051,-22.59567443,30.30670073,25.79467354,92.68292683,-16.85607588,24.57377525,-10.63826601,31.0479413,-44.17016812,-35.88077314,3.042014663,-0.350666441,'Morphine 10uM'
13.3185113,23.25169384,126.754386,-12.19797455,33.28161332,32.05128205,2.222420484,58.83545873,58.24016563,-50.94869605,8.35655902,-49.14794627,39.9315585,-3.393197231,55.70737262,107.1428571,-39.03328632,41.66722916,-28.56507712,-7.797318826,-48.36300576,-26.97749276,-2.603409344,4.141929981,'Morphine 10uM'
14.35857606,4.498787966,-1.954887218,-1.357459085,8.423321947,5.494505495,2.891782744,1.406005151,23.78091056,-14.71044005,14.27431765,2.085985418,15.2015905,22.07864536,62.69515201,14.28571429,-32.89407242,-6.702904483,-23.45073942,4.364536658,-79.34170512,-21.23710111,-5.333653748,0.297023549,'Morphine 10uM'
-11.59371671,33.4283516,296.9833029,-14.03182622,25.76682489,101.0309278,-11.28987419,3.675379867,-10.28457314,-35.68704671,3.610316741,-26.3357926,-5.727140104,-19.36425882,-40.12679033,57.77777778,-20.65996287,19.82967091,-12.71151471,8.417169875,-62.41741676,-22.56627489,-1.762651631,0.952272293,'Morphine 10uM'
-16.11659603,16.84600857,-19.32348581,-24.26596195,25.16221193,-0.775193798,-12.39768766,10.03251345,-10.01906376,-3.389658657,16.08420241,8.477022505,-0.636886019,-25.55107633,-53.75133026,3.797468354,-40.46384302,-34.20931417,-29.73404542,-13.54993599,-3.782903983,-38.445399,-1.984452246,-1.730206136,'Morphine 10uM'
-0.946969396,-0.412176358,27.85241433,1.444324081,2.943576269,43.93939394,-12.70753133,5.004574028,7.116479458,-26.78660585,-1.437759742,-37.78102159,-8.549671232,11.61412669,12.37462236,37.73584906,-2.633314162,15.71672032,25.08216215,-2.733493108,-84.07211837,-8.261090415,0.480297855,-0.118066283,'Morphine 10uM'
-14.94832408,-21.57949436,-67.4369669,1.945355331,-14.7025633,-13.01775148,-27.95296653,-1.426666008,-12.80214861,-40.35475701,2.635162023,-43.64395183,-23.70814985,0.509704922,-15.56667308,72.72727273,53.76604687,50.79131611,34.625403,18.11456052,-47.33091629,-3.006390845,7.785091821,7.163201155,'Morphine 10uM'
-7.451918009,19.30391273,-22.36044001,-9.04787579,34.43162276,-31.96721311,-13.79654002,8.224288126,-26.90286489,-26.50369324,40.91797816,22.17016813,3.484975736,-4.598560902,-17.03381942,37.5,-45.4624282,-3.180967656,-19.83988029,16.71274703,-72.14579394,-30.89920329,-5.704719885,-1.571207328,'Morphine 10uM'
43.98021487,-59.26878157,-68.19860484,62.67957896,-56.97743792,-80.77634011,53.09704619,-24.13469242,87.3116362,84.72464315,-41.29818171,-54.07270184,-14.18582995,95.04759556,48.31667241,-44.59459459,66.96646557,37.01819892,78.76319017,-90.23602712,7804.851736,173.6811638,-5.607254446,9.489565722,'BIC'
3.355322407,-56.89804951,-84.39539054,88.20838507,-54.65107014,-72.43902439,9.871049085,-52.84250827,-61.14492006,19.78081262,-18.61080199,-27.83830205,-71.49837034,-58.40181774,-89.69773114,-14.43298969,187.7042361,149.8665938,171.1046575,-82.60679744,2108.31394,181.4596887,6.076542922,6.996911529,'BIC'
25.40592947,-57.50899469,-86.45701944,36.74108514,-31.61430512,-65.2892562,26.46437424,-79.15634814,-85.42907933,24.93629891,-44.90548921,-43.37891085,-34.32653792,-89.42198699,-93.77609765,-20.16806723,12.7059915,4.056161328,7.393203054,-84.29488527,240.0626283,65.99506272,-21.46140669,12.33664986,'BIC'
38.63904059,-45.99219789,-63.79765551,180.0552306,-57.06311898,-62.45059289,30.46203412,-40.35801216,-29.75746269,-6.683109876,16.60827723,-28.73628761,-57.87661971,-53.74925733,-86.22651267,5.084745763,162.3446961,105.9576626,101.6946018,-77.34709159,2210.274354,294.7023203,-21.97210023,30.63447945,'BIC'
135.3673396,-29.23762579,-37.03519463,226.5533529,-29.09323021,-13.82488479,29.07370135,-27.03857055,-44.12074802,149.392648,-40.0042132,23.30086762,-48.30004216,-38.80802697,-75.08351346,-56.73076923,114.1194204,0.838077166,105.3608288,-76.68866223,906.6575628,141.7744767,4.916882772,3.836467456,'BIC'
21.52626144,-41.97970347,-67.67052515,54.31358396,-41.16134163,-72.38493724,-1.526984037,-60.86947663,-70.29743759,88.28794245,-42.57671647,24.75012309,-65.70105446,-19.23676785,-65.21674658,-42.65734266,84.94779928,-13.71092313,60.02741137,-69.28924463,947.7498703,57.58381834,-8.823371466,3.584037336,'BIC'
19.04481757,-44.40231136,-55.74856983,91.90090995,-23.67032003,-20.86330935,47.67893592,-73.85929965,-31.95850414,4.967454396,-46.04158589,-34.2481061,-7.097722263,-84.51027923,-71.2073148,-7.407407407,106.5745409,195.1997924,85.29161131,-90.70994824,297.9790397,254.626087,-4.622579351,9.841015772,'BIC'
32.74171703,-59.11185296,-72.09295952,258.9285714,-40.0134385,25.30120482,25.31521174,-76.75844299,-59.94920635,-9.483535994,-49.21428976,-54.19287994,-61.41128914,-45.7944602,-82.79714739,5,392.7923652,349.3408803,340.5370987,-73.41918067,3714.994322,452.0599981,-6.484522627,22.18265229,'BIC'
61.69924293,-51.34263757,-49.80161542,221.3108818,-25.99264161,3.47826087,49.91347646,-64.0581894,-50.14851485,-1.763612369,-26.58348632,-22.09506033,-44.1440642,-65.33780915,-77.41137675,-2.307692308,174.1819992,372.1863469,295.6044807,-58.77242542,1241.269726,493.06443,-1.765070569,26.02794407,'BIC'
68.58505295,-65.48431385,-81.77298474,232.6002798,-27.99791648,-47.61904762,78.48430071,-60.97502582,-35.03123498,-23.45260883,-1.601192394,0.550486117,33.74238483,-49.75562933,-0.216190247,25.6097561,100.8419437,150.4051755,351.7575409,-29.6726481,3581.068748,616.7255891,-9.528707131,441.3150264,'BIC'
51.77615086,-57.83670366,-75.83789704,201.4988049,-22.75376308,31.94444444,53.05119968,-63.11695699,-24.88233448,5.501047939,-19.43623333,-9.512251887,-58.21967923,-8.113194673,-62.27790433,-4.761904762,136.6852089,253.3716117,159.4201076,-17.71906113,1044.056654,297.045587,-2.216516192,6.491593663,'BIC'
45.62654007,-73.95080929,-72.04733957,118.1248676,-73.9087301,-66.94078947,27.34094333,-85.97644279,-85.87083468,16.00708449,-55.20931382,-43.61742304,-66.58527203,-82.33377943,-96.6155103,-14.86486486,152.5871016,94.3466058,90.8956349,-75.64075648,139.717281,143.0883023,-5.840212998,5.306438427,'BIC'
49.21866927,-66.98905071,-83.0114643,157.4248499,-68.10524387,-75.78231293,35.97072725,-61.83440257,-66.77613082,55.50130422,-31.64465393,-41.19084235,-63.48838705,-8.159130667,-71.30213705,-35.0877193,137.2599231,87.38841729,140.0330218,-89.47237349,5806.604386,226.3746454,-5.654909465,12.07994162,'BIC'
-3.893923043,-65.85924439,-80.93791673,52.80302657,-58.03919959,-74.17840376,-31.64569455,-87.11236089,-90.66213402,-14.6148907,-55.26955942,-58.79877333,-83.72775193,-57.7642054,-91.67342038,22.95081967,152.2129427,85.37977174,128.3112903,-75.88642349,754.8006584,56.06059676,-1.381137563,2.769486025,'BIC'
-44.31222977,-32.92473123,-56.41413809,-1.773665512,-44.33010637,-73.97003745,-21.65252602,-43.54724168,-47.86197714,-41.95094399,12.89867205,-55.30406287,-54.8237484,38.31230409,-39.4627527,66.12903226,136.1012194,153.0504696,62.54793296,-53.43390126,80.825524,57.02074403,0.196915642,2.115045563,'BIC'
24.82035298,-71.18064206,-82.60710126,89.61667259,-69.70598553,-79.52380952,2.459191697,-79.38204222,-76.01283594,17.74933387,-56.12819973,-64.31040645,-72.70889319,-63.85768873,-92.2356317,-14,116.69341,62.04904296,86.90162683,-18.18323859,220.1188814,91.49789612,-5.860301624,1.450628604,'BIC'
-10.12604806,-67.53869819,-78.78842807,57.76142139,-58.99721252,-79.68503937,-14.92522969,-84.80988526,-87.88475434,-40.14276038,-40.9152219,-59.99278898,-74.19385476,-26.5163388,-74.1540404,61.11111111,63.14189046,152.0790232,127.4276781,-36.62715533,326.1857404,80.49598694,-8.565524593,8.057353396,'BIC'
-34.70941817,-65.18568307,-78.94410683,-6.142473978,-55.97714354,-71.875,-28.79036838,-86.48755286,-88.3072017,-21.60103904,-45.9346161,-53.80033334,-67.60403875,-73.83157588,-95.46121738,28.26086957,48.32883595,35.09139319,65.42402402,364.9472137,68.23801224,4.357152502,-5.669818435,-0.625778836,'BIC'
18.976207,-48.85320868,-47.70781815,28.89997769,-49.37345015,-73.72881356,15.04465314,-44.56981406,-40.72100669,164.0677635,-55.24029333,23.25408958,62.78137602,-28.07513953,15.59806034,-60.48387097,8.175969514,-45.93340772,22.34921292,-71.53569221,151.1808457,40.75622762,-0.602814012,0.633205337,'1Conolidine'
-49.33863034,-36.40206056,-51.52985075,-11.99319627,-72.83416756,-73.4375,-44.54875085,-51.54825757,-54.00753641,107.9009944,-77.42873893,-57.66166034,-60.38400004,-16.09147732,-52.11635888,-49.53271028,90.01897725,-53.83587652,71.30986728,-93.62426246,2790.178058,-5.006538669,10.43016191,3.400924344,'1Conolidine'
4.466198605,-61.56427196,-74.47576786,47.12729968,-64.21761284,-66.53061224,34.2818936,-69.88694479,-70.58082575,109.410148,-60.27939382,-6.210861002,16.73450335,-24.7130694,-15.98540146,-51.02040816,13.23168784,-26.90880265,21.71379225,-89.82396526,1884.249296,63.439585,2.586933231,7.820923148,'1Conolidine'
-41.9042051,-71.17756355,-54.96505838,-5.906709845,-80.84859406,-90.09287926,-34.65420822,-84.42500871,-87.98264828,71.50700046,-70.9842237,-62.69767393,-17.90069787,-60.47020362,-71.72402102,-38.94736842,42.8095353,-56.96493982,36.95855552,-96.17017557,921.3250008,-10.50334748,11.56801458,9.603125014,'1Conolidine'
-39.20936877,-66.80569589,-81.11933097,-2.708579222,-72.99513872,-84.40677966,-39.13924298,-70.70015204,-78.77800678,21.36318438,26.934592,-15.27660037,-24.78774434,-61.0102838,-76.15265828,-15.90909091,72.2169377,-14.60773264,69.41638516,-66.36367451,443.0544789,3.108094523,22.22740982,1.184357144,'1Conolidine'
-46.03308374,-49.21731188,-62.44557199,-23.73716895,-75.98139078,-81.49882904,-26.82622034,-58.54507784,-56.87926358,87.54706456,-83.05593209,-62.17193202,1.986310035,-33.40931712,-52.67822234,-44.04761905,11.35666014,-60.5280085,-0.318686564,-56.08403278,220.6779647,-28.83710187,15.24936722,-3.889282508,'1Conolidine'
-11.92218506,-54.74905225,-59.77192857,25.78010762,-55.85368726,-76.95473251,-1.711810406,-62.98427727,-80.6046304,164.3659384,-87.16120848,-71.78032252,5.614092185,-41.18709603,-58.7055875,-61.53846154,48.60506366,-48.78901649,42.63500422,-73.62881919,385.9106748,40.19336338,4.764889946,2.386884305,'1Conolidine'
-42.12819262,-17.6754274,-65.07076299,-25.57669101,-37.99858952,-78.02197802,-47.65329327,-8.821593572,-55.92,20.32106371,6.04341844,-8.557678444,-38.88467313,19.30435109,-3.761811375,-15,18.5499431,-49.29915703,14.48554498,-44.34696772,1278.534497,-40.63040718,7.030730745,3.074376435,'1Conolidine'
45.51791513,-42.29704673,-34.59872487,95.75385342,-44.25653077,-38.93442623,46.43995131,-46.28307461,-46.5558617,245.5130854,-30.2492644,123.5053683,51.71159622,-17.01141413,19.90376905,-69.82758621,82.95735774,-64.6075728,53.62405649,-91.52805961,4180.903594,124.9669935,18.09512521,35.32097317,'1Conolidine'
-21.12047185,-43.58199608,-79.46699807,11.96823859,-54.81866407,-79.53020134,-7.966167679,-37.51740021,-56.85358255,145.6380406,-15.29737049,8.129272458,12.55771431,-21.3425944,-38.45172267,-57.66871166,17.83869372,-62.04481793,16.2428294,-80.44300484,915.6526702,6.982730698,11.13356137,18.55540344,'1Conolidine'
-70.12999614,7.464150493,-72.21030043,-50.38119184,-48.76032105,-85.71428571,-50.11293774,11.13198141,-56.61319273,229.5696358,-35.21800094,75.73141019,-17.22957808,55.92331209,-11.05882353,-67.41573034,95.64401307,-79.99627318,11.24575739,-51.60579501,726.9081348,-44.50275975,28.20766043,-3.453995477,'1Conolidine'
-59.92524902,-65.18792314,-86.04611947,8.337099749,-62.07330433,-64.73029046,-50.9432668,-69.19676769,-80.21385942,71.70196857,-73.20337847,-32.23238569,-62.84025558,-74.5053118,-87.47057835,-38.18181818,129.6580598,-26.17924528,200.6371751,-95.86161536,3407.945473,37.63116057,27.64151945,11.73637224,'1Conolidine'
-12.47384834,-62.1450602,-67.48618952,29.40799544,-58.1821942,-74.02597403,-4.232599837,-66.47043152,-71.2031107,190.0372795,-43.31408095,3.639206206,-22.10442711,-56.74889651,-78.69055824,-65.35433071,53.94781298,-55.70840833,79.42086113,-97.22414171,5037.070585,71.82669406,12.71775145,18.87787145,'1Conolidine'
-20.41508454,-38.36224331,-63.33617643,36.79121915,-43.12721467,-65.17857143,-17.7125512,-36.1874972,-51.30572274,210.7630512,-8.02215054,207.9719349,-6.931675719,-14.90089935,-27.35303076,-67.30769231,90.51129832,-67.13434557,82.27623911,-94.03560694,3587.505806,49.99046694,5.08138843,28.33209544,'1Conolidine'
9.591976601,-38.70933705,-50.91615558,49.16860495,-27.3821459,-57.5,31.62318456,-53.4535235,-53.07232191,449.3215958,-49.71395163,83.45827227,34.38667977,-46.61835617,-38.78625894,-80,50.41275241,-59.87980296,54.37149612,-63.57075144,929.9678707,84.71698113,-3.861052938,-9.935514382,'1Conolidine'
-37.54197559,-5.74130666,-48.48004957,-10.54812558,-35.14445299,-67.56756757,-22.93596497,-25.19140024,-48.53736673,77.93082548,20.84001519,34.54523388,17.41254079,-15.02589996,-16.82824025,-41.37931034,27.01450508,-43.56326079,16.07757844,-21.0658666,280.7094161,-10.54593429,6.179414187,-4.286793381,'1Conolidine'
-56.8981739,-47.22883263,-82.87684966,-20.89478045,-58.52951943,-83.58662614,-61.23822306,-19.6274002,-84.63739605,107.5451594,-18.95519279,-13.07417905,-64.136479,11.049452,-62.55969436,-51.76470588,57.70588776,-70.77287066,70.70939011,-81.86570825,2368.41058,-33.830007,22.45472146,11.09530284,'1Conolidine'
-57.07134818,-38.32632598,-76.14350643,-42.96964459,-71.7983183,-87.28179551,-52.14986349,-51.19550167,-73.84063745,33.49773083,-20.45900082,-4.419399255,-63.86998302,-58.74774426,-90.62211646,-20.48192771,77.15663246,-57.02829754,23.18934334,-85.09885204,841.9224753,-43.94267943,26.46464128,2.497678016,'1Conolidine'
58.82247015,-59.23280897,-52.11305071,77.62452626,-49.16815443,-42.89405685,42.72216789,-57.14619064,-52.35357528,34.73818085,-2.189180447,-19.63769461,35.69040976,-22.1687627,-30.81333616,-26.58227848,0.791825627,35.3466586,30.68196071,-11.30770689,211.5265619,70.96945009,3.111822815,1.213315888,'CVIE'
118.9459741,-45.83908079,-22.99591878,125.3068285,-46.42164629,-7.942973523,127.80891,-38.82138477,-2.07950333,117.9412696,-66.66949088,8.292063968,101.5783401,-48.64855242,-37.67958058,-53.40909091,-11.76328224,23.46600332,18.34126654,-17.14397517,315.954797,169.5919494,1.753356296,1.161478476,'CVIE'
-14.31327686,-47.66980289,-42.89838055,7.447636239,-52.18519664,-34.25925926,8.73533829,-67.48999361,-56.65438165,60.7337799,-30.65764894,9.192101616,83.14926849,-27.04625153,39.35876175,-37.5,-18.0535871,-33.45874563,-6.067626542,11.43105671,742.2412619,2.137684043,7.412371894,-2.656536146,'CVIE'
-18.88714753,-68.17286007,-70.09591736,29.87094256,-78.08577436,-80.58419244,-1.487077368,-67.06582107,-73.92126901,74.61630937,-60.77092742,-29.09980276,-4.903250729,-3.465588613,-36.17072293,-38.57142857,21.9502886,2.942399667,41.6206434,87.02584061,250.9819551,39.51463486,14.25720497,-1.693118687,'CVIE'
53.87464368,-38.05880314,-32.77273798,76.53218083,-42.04085144,-30.68181818,75.20084474,-43.9506011,-35.85383502,43.85980068,-12.48841342,-11.07164085,49.23715925,-42.88671415,-45.20192664,-32.09876543,-14.02033509,33.10298935,8.428208766,-24.41168848,93.12638896,97.5219727,1.065232732,0.845651169,'CVIE'
-1.5714465,-51.07381898,-44.20340506,13.99129649,-48.98870756,-48.96421846,-7.91616633,-50.04288143,-52.90868829,29.26027845,34.65204516,42.58456248,-30.16753612,-18.62462388,-55.06004687,-21.62162162,-6.617392022,-7.33840771,14.20723298,71.03828371,5.553447095,5.166398458,1.575050559,-3.536482709,'CVIE'
26.81431915,-60.5333664,-64.72132348,40.44666918,-57.57604006,-68.58316222,22.61195129,-54.26091514,-54.20598495,49.25889327,12.40407942,6.887170922,40.28773819,-20.91019634,6.616989568,-33.65384615,-7.607961583,-9.236534344,18.86304827,-65.43668811,859.1397205,45.74030285,4.943167979,4.41377514,'CVIE'
-24.0479938,-59.68237706,-71.64699746,-17.21537206,-51.47464881,-65.14745308,3.811882152,-62.60310824,-71.14911515,-16.01398343,-2.528920529,-34.800999,36.92400092,-9.868439448,33.15350662,18.24817518,-38.0243855,-10.72265501,-22.84046383,-46.61876517,156.0490892,-19.89923325,6.336988979,6.357331552,'CVIE'
22.76080968,-28.68152492,-3.271906732,36.11975971,-32.14608209,-15.38461538,26.29403715,-41.74469306,-34.07630167,24.5461637,19.7655547,-1.370774811,29.50024242,-41.15113575,-34.32978333,-19.61722488,-6.675297446,7.521867997,21.52348002,-22.95910816,94.71922838,53.47690901,3.570594511,14.31253908,'CVIE'
-2.695010635,-61.22489711,-74.09099311,6.715822251,-58.19671225,-74.5210728,10.44522144,-52.87518415,-68.81070524,10.72282222,-0.693032169,-26.79452004,29.94503027,-7.711163093,87.76198934,-9.74025974,9.300571579,-16.20502276,-3.122669407,-75.0265038,612.8162691,6.996382299,10.95798872,14.97201232,'CVIE'
84.93029632,-12.77545314,-11.84349589,81.36148746,3.080549958,14.43298969,77.8672573,17.39340182,123.8537368,85.65374235,1.750066851,63.58839512,12.59738657,-40.61436702,-51.78775926,-46.2962963,-18.78697623,-8.622051687,9.546994494,-63.17795984,2061.902273,94.84823457,-1.335644812,13.22098752,'CVIE'
13.507881,-28.03352755,-17.45072273,52.9757811,-34.10050237,-22.92870906,19.3130935,-6.102844675,71.80037564,77.68068936,-34.39154737,-0.361449234,-4.758683613,-1.278341046,-23.59498374,-43.33333333,40.22794958,-10.84099056,60.16315902,-92.2421264,2954.916036,91.09561968,13.29678722,19.08726706,'CVIE'
4.624408242,-44.15783713,-59.22065029,23.93489076,-43.26964084,-57.85440613,9.623643362,-31.8511105,-17.5984215,25.82238321,-17.35080933,-32.07539232,-1.352931211,-35.0145716,-43.992136,-21.01449275,13.97784375,9.033794604,30.21961307,1.891516704,3803.411745,42.75148422,-0.432349125,9.446931409,'CVIE'
-17.03207622,-40.53125088,-70.52374389,5.629521693,-26.52041066,-58.87096774,-5.236193269,-41.89531072,-48.36325922,30.23804217,-5.48459944,-3.136623319,9.480378873,-30.59258153,-16.22498648,-21.42857143,27.5988056,-10.2861883,29.4855282,-34.76828517,189.0939718,22.70541569,2.673796448,9.002965465,'CVIE'
-6.942017617,-5.358590383,25.3872432,-14.24775461,-17.82581965,-60,-10.71781111,-21.72157243,-43.7447651,27.58903055,-7.021638406,20.45368993,-11.27225197,-7.249043878,-28.83481751,-15.50387597,-14.25173606,-21.54375514,-19.45952956,-5.052306581,-26.79419028,-28.09170504,-1.290162534,-22.62964904,'CVIE'
-13.22703848,-61.68462844,-76.34656954,-0.159830866,-50.68445621,-69.27374302,4.716644912,-56.69924219,-68.50500851,3.959598398,19.53621733,-5.390621273,16.0186478,-59.13688881,-76.44129871,-5.426356589,-12.58853794,-0.961908426,3.614526507,-42.10214001,119.1736659,8.501655799,6.332246928,3.254990479,'CVIE'
36.29614191,-55.56492546,-64.40714639,38.97969552,-52.41700104,-74.62686567,48.2002203,-48.62908284,-27.99657534,109.9680865,-21.53344926,39.99352952,65.07890084,-30.28867795,6.43075265,-53.68421053,26.42520373,-33.67785235,-1.978578534,-60.60174348,332.4673208,45.26796256,11.05851309,1.40142517,'CVIE'
-14.07684949,-15.62090278,-51.9862259,-29.95748127,-33.98059353,-63.81322957,2.462829148,-32.20267628,-49.99074817,194.9610174,17.23633978,192.7636913,39.88713259,-10.44728776,-5.457360341,-65.82278481,-6.110005611,-62.34041301,-18.09483403,16.36322149,55.93971822,-16.07764973,-6.048403724,-13.35296612,'CVIE'
34.41400397,-25.59514279,-20.56041406,104.0260224,-31.9622615,-35.95505618,29.95434086,-1.110728255,-6.138800518,185.328348,31.67434829,139.4581512,2.294424948,-8.911690985,-8.434491419,-73.23943662,221.2319726,-27.48786408,131.9264985,-45.04111308,603.8669813,176.6076174,9.90536112,2.552425135,'Baclofen1_0'
268.0147647,-43.99165016,-15.95931465,178.4933719,-8.055589253,-17.12707182,117.6328773,-6.740252753,-13.99240613,1196.830265,29.22709872,394.9026047,-46.72563686,2.371182205,-80.29956842,-93.10344828,-34.74785085,-83.23715306,14.20212213,-90.21695305,554.8489647,148.5413643,-5.205174842,0.281245916,'Baclofen1_0'
64.36375212,-10.32124913,-10.86304565,87.11488806,-51.14226511,-71.62162162,71.75303606,-9.902946884,-7.377683233,1134.017384,69.09622605,1542.623319,46.47869732,21.00055348,31.22934047,-92.67015707,88.69723377,-81.15074662,51.16146091,-85.59610477,2610.027431,159.6243985,0.610363145,1.279953907,'Baclofen1_0'
8.712939736,-38.76091937,-21.56306037,-2.494988113,-57.26012835,-81.21546961,19.21424694,-44.43473784,-67.33024539,2950.124482,29.69276979,1758.077054,-3.687118124,22.7017549,-50.58954085,-97.12643678,-79.67415156,-85.3997513,-42.68629102,-19.52834661,317.0008412,-48.75542008,-25.00414458,-58.32139315,'Baclofen1_0'
5.00030977,-25.74793732,-51.35674744,47.79344124,-8.409223454,-30,-17.98041526,-1.282536132,-33.72851215,203.8421249,-34.969393,33.76861031,12.27275094,-44.13031814,-53.03188164,-70.45454545,73.09199133,-75.32751092,89.74964165,-95.79812122,4146.275758,55.63186813,-5.975086356,80.70305296,'Baclofen1_0'
-30.88063371,-9.664682693,-73.57529449,-12.76768332,13.70730153,-57.8125,-45.40435898,7.179928492,-71.52561888,852.5566045,44.46138849,315.2172267,-83.42861917,96.58257067,-87.67577816,-97.11538462,82.73217837,-94.43750501,35.11449396,-75.72140731,1674.210738,-30.71355223,14.8454421,-19.27376796,'Baclofen1_0'
156.294551,-12.66173555,17.20183486,7.667868108,89.50930264,4.21686747,135.3783812,-10.83844351,41.27821753,696.3029781,166.3381401,790.9764653,6.157845591,-20.03214865,-37.01133864,-89.33333333,-88.96791769,-82.09868153,-56.51070825,-36.15772766,-45.94596196,2.364390928,-15.33198068,-12.67850313,'Baclofen1_0'
151.2763606,-13.16997054,21.93998965,135.2013444,12.53033667,34.63687151,224.2256337,-15.73974652,53.2626506,848.9519614,45.59104813,426.9428579,20.51608217,-10.52798261,-33.01085418,-94.84536082,15.18334749,-73.79797734,48.12683741,-38.86119767,897.617258,264.9557281,2.391341168,-6.053924862,'Baclofen1_0'
315.3868781,-27.68969298,-7.31037397,123.8136095,20.34257921,16,378.8544129,-86.44639717,-61.48253927,1728.892619,-10.43921869,482.7802281,17.97077674,-80.40359142,-89.59183673,-96.19047619,-62.7138965,-86.91438368,-34.34801452,-78.65212993,313.4150023,182.9396867,-14.32919584,-4.402510382,'Baclofen1_0'
-40.01861976,7.381930589,-67.29323308,-55.60474455,10.40933814,-71.58469945,104.7093791,-8.672344891,-36.62447257,503.224844,61.41740194,90.37915441,88.36736922,9.231628379,-43.32996463,-98.20359281,-69.69156662,-85.04737571,-10.79156662,-3.079747104,1684.946644,82.61803006,4.199618942,-24.09027435,'Baclofen1_0'
281.440725,-64.59817828,-57.26292248,198.2425069,-52.01601262,-60.48387097,284.2210431,-76.47785194,-60.66086032,375.717225,189.2063503,255.9195777,26.24525688,-47.73310262,-63.76393695,-94.59459459,-32.69428452,-79.82614683,-9.39212263,-56.20315896,65.63896876,248.1345316,-1.851115583,-7.002536019,'Baclofen1_0'
-100,-100,-100,-100,-100,-100,-100,-100,-100,-100,-100,-100,-100,-100,-100,-100,-100,-91.44938246,-100,-100,-100,-100,-7.556801909,-100,'Baclofen1_0'
398.4246395,-56.36677036,-48.12845486,408.3253474,-42.49997135,-43.78698225,-100,-100,-100,-100,-100,-100,-100,-100,-100,-100,-100,-94.15805616,-100,-100,-100,-100,-21.2398595,-100,'Baclofen1_0'
-1.015397148,112.4314491,113.4770889,-28.84671013,142.1614565,56.25,94.80639779,62.24459472,35.49281984,2650.265394,112.1845679,1855.865746,-69.90390134,-52.84643441,-93.59713012,-96.55172414,-1.982357836,-78.84915742,31.61770612,-33.7279551,1526.69972,156.3997121,4.555386926,-11.93422958,'Baclofen1_0'
243.4042517,-38.38215259,-3.873145598,131.5424767,31.81085265,50,219.3649723,-74.01225964,-63.05326332,2730.628815,8.503573162,753.4604296,72.14985591,-73.85995891,-77.8703995,-96.2962963,-30.37213147,-88.39099141,-14.29215511,-80.76169851,937.9402793,173.720835,-7.841304815,-7.293509501,'Baclofen1_0'
17.41809361,-28.78058189,-50.38666022,44.47669084,16.44504872,42.85714286,59.83001179,-52.81841563,-46.36419187,862.5678188,24.15715933,497.5716837,82.02916301,-47.17535234,-27.20578391,-90.17857143,86.91650897,-56.33950735,114.130439,-44.25777347,4888.487333,242.2447059,-3.4693492,2.650762579,'Baclofen1_0'
104.5945881,10.56303568,23.11952602,88.21024624,15.28022956,-13.97849462,92.02297697,18.66518367,11.92132069,1059.084355,102.5495918,1114.361427,-61.0826337,-29.81679784,-86.33066056,-95.41984733,-2.76194019,-86.55434424,6.582033566,-58.46598308,954.011968,104.6619938,-7.387545625,-10.10346692,'Baclofen1_0'
-30.04609418,0.66472665,-44.77209065,-22.30034722,8.700935204,-20.43010753,-37.36043671,-3.459982638,-31.21591472,-21.11809497,13.02392185,-9.041893819,-26.46704705,-24.25764201,-33.84749077,28.22580645,-13.19200974,-10.60225694,0.917483821,17.98934381,-12.71906014,-36.78572885,-5.230557644,-5.808277517,'Baclofen1_0'
39.54214963,-16.1129267,-33.81084637,45.89143262,-6.20273363,-23.07692308,55.60176656,-18.54185259,-19.68647466,274.152057,5.198603879,185.0756823,106.1868744,-21.19658022,-22.65085095,-72.22222222,19.55207463,-54.74966603,6.743375087,-74.00833273,151.8384988,81.19408435,2.652744853,0.770993485,'LY5'
104.7017904,8.187407721,46.98607699,52.71268606,25.13120233,93.90243902,70.85332487,16.31265351,116.7320096,137.1573916,42.23334344,154.1532351,23.48758278,20.48615481,81.94619968,-57.2815534,-24.57680956,-29.34250562,-10.26027338,-80.77186948,299.8691788,68.17121304,-6.410801611,1.771434988,'LY5'
34.91337088,-64.83936467,-79.87350857,9.388265715,-58.52829354,-77.8280543,10.86938801,-79.36833413,-81.75474602,75.94332776,-25.29992314,33.06203794,45.58663106,-76.80316818,-76.61981729,-43.90243902,-24.8121871,-49.38665468,-23.481592,-81.07638794,306.5940331,-9.426777387,0.328125163,0.362892928,'LY5'
-21.02159475,-36.00714042,-70.03475968,-13.50272909,-26.78208251,-71.97802198,-16.79266636,-31.35752279,-64.23611111,280.9378847,67.81487762,435.4011406,-29.03850028,-20.42708214,-64.89405332,-71.81818182,40.53713967,-64.14257927,43.91741372,-55.59792773,14291.76245,19.7498426,-4.491637857,3.906423465,'LY5'
55.31001076,-31.62410005,-32.24274219,37.29964424,-41.59478221,-56.34218289,55.87941532,-33.53156434,-25.98257502,428.8628918,126.3581058,812.8810895,35.32022985,-16.68536658,-7.324616899,-81.91489362,-26.95178749,-73.6349454,6.975179775,-94.6383848,9845.116522,57.95249308,-0.340755197,8.582420936,'LY5'
-8.860613368,-42.62103959,-55.26099366,0.986756827,-21.45694159,-60.49382716,-14.01462666,-46.45802623,-63.69686885,131.6442031,-19.28991514,23.60344655,-5.038313459,-37.4858063,-59.55251709,-56.19047619,16.98790396,-21.83160394,62.16059066,642.6744192,222.1178157,39.4343893,-0.178232607,-4.720494173,'LY5'
63.05455723,-27.49493358,-11.31158641,29.70553261,-29.73493048,-39.24528302,56.98761015,-19.93911338,-13.22130883,172.0578938,32.66562614,114.3673104,-19.7620318,-51.92304388,-66.28514907,-63.63636364,-27.53580076,-50.41052632,-12.84462333,-78.77987518,308.6761939,36.91718767,-3.87763511,0.253942499,'LY5'
-15.77392358,-36.66322542,-66.45046117,12.46564184,-39.97944663,-60.60606061,-5.507337985,-39.91210638,-51.86941127,443.8399786,89.2751333,655.7665629,0.711917099,-18.62022558,-43.31294672,-80.16528926,17.02733493,-71.72365909,28.75729975,-20.95481378,603.1305342,21.66620007,-8.649330189,-7.251121459,'LY5'
-40.33740752,-27.71173551,-55.08681498,-29.17260643,-21.05435862,-53.33333333,-32.07277695,-29.44393522,-56.95070813,332.0512104,9.638277806,297.3885907,-36.5465277,-32.97471389,-69.40643175,-76.875,23.86896207,-62.38445449,42.65656985,-36.67837867,2568.7755,-3.097353598,-3.655583325,-2.382946643,'LY5'
114.4293812,-11.87538485,-30.56079956,43.39684625,-2.334489608,-51.35135135,207.6251667,20.34514264,53.05160367,380.9989462,-24.66348189,-5.409960162,198.1655651,-28.53450976,5.143699337,-93.02325581,52.06227688,-73.2926364,-38.03203339,-72.11957313,184.3458393,33.44034243,8.483084233,-38.35789969,'LY5'
-32.87598728,-41.57125738,-75.24937656,-22.3472713,-49.15817007,-75.29880478,-32.86311959,-48.83657937,-82.75118731,269.8582301,2.13333601,105.6081124,-34.44909736,-1.479763738,-44.7862069,-72.11538462,24.58099587,-77.13077019,25.87902222,-70.12024486,822.857704,-18.46727683,0.50860334,-0.908292621,'LY5'
38.98361669,17.5289701,39.19398622,33.95864288,-3.283683251,-6.622516556,45.50480093,22.5539643,62.44762955,244.5478149,48.92918045,191.465043,-16.21396553,19.22314491,-5.574055306,-70.24793388,9.339329038,-58.51570773,-4.228534483,-38.35463275,318.6868909,38.51751357,0.993729677,-0.652975965,'LY5'
26.00864569,-21.08950927,-33.07663874,28.38700227,-8.468874601,-14.60674157,2.858108593,-38.92385022,-53.44513122,104.6028662,23.22066807,97.08513902,-5.925752721,-37.46632078,-67.29770123,-50.89285714,-20.56173067,-42.9130341,12.62416733,-37.27245112,449.7539296,15.84308834,-4.560649688,0.006052927,'LY5'
46.38118042,-20.78134018,-30.07079266,44.96763366,-7.563396141,-31.13207547,24.32828849,-10.49517456,-22.78600796,195.502147,22.21497431,142.0800272,-22.19411635,-46.38618484,-81.83405217,-65.04854369,-13.80805042,-52.9986053,7.754945114,-38.54438494,204.8471259,33.96987903,-1.542041877,-0.288443178,'LY5'
-13.09640892,-30.32543099,-51.84592366,14.54767355,-24.0660742,-50.38461538,-22.96246306,-51.11743268,-74.07674602,291.7871881,87.39823119,449.043515,15.04188667,-24.04453185,-22.12755599,-73.73737374,10.60959494,-71.01028655,33.60765943,-0.32969855,535.1754414,2.928049986,-1.651960906,-3.247875348,'LY5'
28.24387883,-27.70070659,-20.41216542,42.19267862,-20.70074979,-24,4.73808477,-35.95816308,-63.13504125,423.8514292,128.9279859,1218.333832,8.849550555,-6.491529471,6.345497034,-80.18018018,24.53010648,-73.05003477,25.98444374,10.78944534,420.2940776,30.19138223,1.220661784,-3.263562011,'LY5'
-10.20614967,-64.54724,-79.20962199,0.276299113,-58.01113696,-85.9922179,-10.41944512,-37.68620055,-65.95053259,344.7946375,39.35207906,327.3082761,-13.90572718,-25.09512832,-61.8932625,-78.26086957,15.48100766,-71.67668181,57.50545072,-71.82150732,16508.69131,32.38013042,4.764456764,14.44380519,'LY5'
-51.65239317,-47.38320522,-77.32798347,-70.73816692,-65.61828195,-91.66666667,-49.55651794,-54.8698827,-79.81014793,-54.66877921,65.44994002,34.7814873,-32.86661016,-48.8851029,-76.20905834,103.6363636,-77.96157106,-44.19071854,-71.91625511,252.128219,-98.60009429,-84.76277936,-16.8206845,-30.42164858,'LY5'
30.11698463,20.04675697,101.9524774,-37.53037887,-22.21737522,-66.29213483,33.15177855,-15.44397715,-18.62648914,173.5089983,164.6683593,809.0233596,41.88107699,-7.790883902,16.22616984,-62.5,-65.72204289,-61.61837335,-49.04202032,-4.449617278,-81.71877387,-49.1114078,-7.445437981,-16.63738928,'Nickel2'
-9.197680255,-39.08070709,-47.13899527,-35.52084356,-25.57764514,-61.62162162,-10.2012539,-52.93226012,-73.43056736,-8.427771839,18.91331166,-0.604768243,46.99587384,-25.58528196,0.865800866,6.779661017,-66.33411331,-46.07318405,-49.24468115,91.74723065,-90.07755885,-54.42236009,-5.218091924,-6.404727501,'Nickel2'
-22.7240617,2.081112274,-26.94774718,-27.65542925,-21.77864063,-67.39130435,-18.28935631,-0.117111311,-10.44315517,39.87867569,-9.913062869,8.693091023,-16.05314378,4.423695986,-17.1313075,-27.34375,-14.5915256,-52.13094725,-22.74374846,1.071286426,-30.97160062,-42.61219961,2.896645462,-4.151985481,'Nickel2'
-11.67723435,93.23536633,243.5578447,-49.10266556,-14.70776738,-6.060606061,5.569109125,-32.34237572,-38.01014248,61.33634569,-7.167749181,45.27401894,14.254011,-17.33844039,-12.97019163,-38.70967742,-59.73525351,-53.48708487,-59.45667383,14.81193065,-10.99978285,-57.19877175,-12.71392315,-24.70987875,'Nickel2'
-45.24537298,-19.14306855,-65.16473137,-25.99393531,-61.2279831,-86.20689655,-53.29649895,-34.97529154,-77.44176543,235.1582186,2.23461786,186.3591155,-67.46790022,-3.119765786,-73.13829787,-70,26.20808299,-63.153457,30.97859929,-42.19802924,60.85105857,-38.8284085,-4.743036431,-62.0586538,'Nickel2'
-27.57763646,-16.88483438,-32.23345588,-45.28388572,-12.16277364,-62.5,-37.68910856,-34.02752461,-66.83492242,54.15770328,51.0984047,195.7340578,-38.37917234,1.096205319,-42.93843011,-31.11111111,-51.19342328,-57.28,-37.72586271,-19.83671707,-63.47158445,-61.59474471,0.636858088,-16.50772832,'Nickel2'
-47.63049345,-39.71573697,-72.4549378,-47.44102518,-60.1675307,-75.79908676,-43.3421342,-40.84893331,-72.84617746,9.670057027,36.87184938,143.504259,4.924398836,-5.231557884,-19.87712324,-7.407407407,-35.63791061,-54.71734027,-33.22530094,25.42213131,-68.60321099,-62.16688062,-8.803094109,-15.77254815,'Nickel2'
-52.36371748,0.202217857,-63.0325213,-58.11469219,-41.90164241,-79.41176471,-34.27977325,-20.89549889,-46.77647892,20.32728525,-41.19408016,-31.24354116,18.57526214,-2.231367402,-24.90518331,-14.08450704,-40.10694726,-58.91072722,-41.95085005,-4.210800908,-83.89469874,-65.31815184,-1.183487228,-11.04037864,'Nickel2'
-61.22214463,-22.80978339,-51.73244608,-59.85267035,-51.78485744,-75.57755776,-54.39942316,-31.66843536,-64.72237265,-46.14253245,-62.25969947,-71.55995383,-9.83285523,-12.29292688,-10.72,61.53846154,-27.49697264,-40.60947334,-38.65952593,21.58993789,-41.83504716,-69.04761905,3.409862106,-8.334980715,'Nickel2'
-17.14387171,-57.82897439,-75.42252015,-41.5722733,-59.82862989,-86.2745098,-0.826657728,-64.656204,-74.2278343,33.35702804,18.72829593,13.61549151,27.56876684,-64.70710514,-80.62082139,-27.94117647,-56.82504194,-52.82811642,-58.48858479,110.6724862,-62.78777101,-58.83174212,-3.273731987,-14.24056209,'Nickel2'
-19.98500058,-39.66127583,-68.18759895,-41.02932273,-36.81666449,-56.75,-3.76879755,-53.99113033,-69.41303036,-24.34951206,-46.02081428,-48.26178892,42.07469478,-19.17203556,14.08292023,28.57142857,-40.15809701,-14.71205925,-28.63679238,-19.56299922,-65.82071191,-31.3263272,2.795063472,-5.133623571,'Nickel2'
-45.43593374,-8.274295209,-47.04165667,-62.04513959,-8.405031805,-72.04301075,-54.67842823,-10.68716614,-56.09728927,113.7997054,-33.67645761,60.66762098,-22.55584355,-27.23954705,-62.46930557,-51.94805195,-38.00495213,-72.51624261,-19.52567763,19.89833025,-36.23384164,-70.4400125,8.602150897,-9.093071397,'Nickel2'
23.96755697,-37.20695797,-38.9849911,-15.88321954,-10.94102459,-58,27.55983134,-40.19215205,-46.20381966,181.6508676,9.088965744,183.4916073,43.8569624,-32.60143915,-34.28954873,-65.33333333,-52.49936555,-67.64650687,-31.9500262,-23.47328152,-43.01675467,-21.08688018,-5.69317964,-4.24726976,'Nickel2'
-10.27335465,-25.45988372,-74.35698257,-22.99774687,-35.19984068,-82.75862069,-6.49023718,-13.71047667,-46.83186951,134.4344097,24.44194383,151.8235101,-18.0957286,6.18110759,-24.28516229,-59.64912281,-23.76533203,-50.1573215,-22.5767011,19.2914281,-47.49934157,-27.60165683,2.556793659,-15.19115043,'Nickel2'
1.394117174,16.39928125,-2.999096658,-11.26157847,7.537075724,-22.22222222,3.097411819,6.484836667,6.247487336,31.5573302,-4.420039388,98.92199594,2.542830577,16.05637284,15.33659731,-23.52941176,-12.02995901,-43.4746922,-28.76165542,-41.49803331,-56.72710879,-26.55511051,-3.969080738,-2.085909291,'Nickel2'
-9.165673858,10.57403293,-11.34458885,-2.116521485,-12.56272697,-37.03703704,-7.609467815,0.792035767,-10.12173913,85.93091904,-20.91270927,40.73465913,-16.359703,3.117269519,-42.01653602,-44.04761905,4.400176921,-28.55531631,13.69239474,-12.06171514,109.3230521,5.041008554,-1.964607111,-2.650205634,'Nickel2'
-17.9835331,6.954617256,-34.39165065,-29.07333904,-8.354136654,-43.90243902,-11.04172642,-9.323675582,-26.30139012,105.1775885,1.801736822,106.5490382,-9.653614829,-9.29811686,-24.47519084,-50.57471264,-13.86232095,-55.45950009,-20.01653562,18.15813316,-8.936215829,-28.84809094,-0.269242484,-14.02203766,'Nickel2'
-47.50680164,-51.47677108,-79.79369902,-36.03745831,-47.86363389,-82.34375,-36.99116157,-74.61688094,-79.3924651,-17.73026343,-50.84738864,-47.89036103,-77.66513651,-74.64431244,-96.69051878,10.86956522,20.15471764,-13.50106202,32.76450392,113.7370297,68.21250192,-22.48261878,-5.334550185,-0.448990179,'Nickel2'
226.2924192,-19.34325442,45.63701669,76.73402836,5.830805857,-14.81481481,309.0491996,-52.54899339,-1.859745747,685.6155551,-39.57334141,216.0918286,452.6466445,-41.9806713,139.7421476,-85.84070796,-70.18702715,-75.71002098,-55.87873873,-82.47896829,238.8475741,60.42459205,-15.1983141,8.557245556,'ZD'
140.7181493,-3.744787064,18.25679475,58.9482935,-12.16745466,-42.44604317,246.1666962,20.19247831,202.8896797,223.8636709,34.69097512,240.9281946,108.200754,-0.929404735,21.87587756,-69.27083333,-59.38453473,-7.94874904,-13.09934416,-11.41478327,3.876563913,146.1263785,-0.033180169,-1.384199033,'ZD'
92.3073402,-44.03885368,-64.71474112,41.77487531,-33.53414363,-73.5042735,242.4988565,-67.69620702,-47.23880814,521.5032272,-25.99224578,190.7985774,207.1121407,-58.64906288,-44.12125619,-83.44370861,-36.21848233,-50.76802814,-17.24652991,-21.00507269,-40.98369078,183.4296888,-5.642302603,-5.186852893,'ZD'
23.24392236,-13.50137935,-54.5753724,12.17570632,9.152892829,-20.57613169,59.55035339,15.7169567,25.31502236,46.10681211,26.41460489,112.2053179,8.630249241,5.01602336,-20.32768399,-33.5483871,-5.090394869,-1.346246308,-4.660794431,-10.80628324,-35.7074393,52.11403941,-0.001755481,-0.651043639,'ZD'
90.79410513,-27.35029107,-24.55489976,53.18973783,-0.662127591,-3.50877193,100.6419023,-28.06680886,-14.90792371,147.9857883,-6.129061914,56.89736246,57.16470412,-30.24230219,-41.63818284,-57.85714286,-42.18258247,-33.54411472,-8.464118847,-73.29486447,494.3675106,68.64336412,-0.049303808,9.125661024,'ZD'
332.749136,-14.14197137,67.35280589,153.472113,18.22846588,40.625,430.8585079,-50.3959489,43.17027145,829.5795707,-43.83233051,181.6110053,507.8214031,-44.37328741,61.60460541,-88.54625551,-21.70003519,-46.4041848,-13.53743817,-40.59381412,606.3699763,358.9938656,-11.08860604,4.455572005,'ZD'
165.1780687,-32.11101387,-47.83713627,85.3194601,55.73774409,114.9425287,303.8412118,-32.71496117,34.19036564,372.0599083,28.47120092,162.2066125,313.3107202,-25.60752083,137.0777643,-78.22878229,-65.0083368,-44.44961756,-33.08235592,-68.3350799,82.13795825,125.200854,-12.54616431,2.312081095,'ZD'
68.29676913,-38.45593809,-4.953371044,44.21235945,-35.79158587,-47.39884393,106.0766847,-48.25209873,-42.6176033,271.4717019,-17.89426909,58.48980303,27.88023927,-33.81336969,-52.62887426,-71.18644068,-7.0268373,-47.71375465,-4.819463536,-85.07313991,1211.620753,96.14489404,-3.297441447,10.14153473,'ZD'
329.7277119,-35.78674321,37.49212711,165.3697043,0.97288475,26.80412371,545.9756865,-67.91992039,84.18314968,818.4108845,-75.6915963,161.0728921,746.0153779,-69.79245535,105.1505327,-88.44444444,-25.75605973,-47.383578,-17.63755424,-87.66655824,929.4872602,432.0413744,-4.746913264,16.94953029,'ZD'
177.1770272,-32.42203388,-30.02894711,90.59468581,-34.16423892,-42.85714286,504.8690041,-53.65242254,64.34831186,615.5292866,-39.88682157,121.0955564,485.4040923,-58.70911299,27.63498025,-86.09625668,-13.21757586,-36.72049294,-16.38162407,-79.12347171,719.4712472,405.7816377,-6.11534769,11.04665161,'ZD'
39.42941251,-22.90343694,-39.16411513,27.93016481,-7.262716169,-40.81632653,67.8853819,-35.8351728,-40.47012178,169.200573,28.79236918,53.52480261,44.35573625,-14.6646052,-20.78529137,-60.35502959,-25.15560266,-48.34963982,-13.26688079,-78.30047857,778.9292441,45.61222841,-6.838705688,11.7179012,'ZD'
171.1923066,-49.03570958,-2.548273989,55.43677685,-34.47869414,-50.90909091,89.21189091,-50.50614467,-5.559175899,626.1336553,-73.05109391,77.79232799,121.0770606,-57.95634458,-22.45458573,-85.05154639,18.51439656,-77.94109529,-14.26134469,-90.19318652,610.2895985,-11.51214675,4.727462924,-6.91124306,'ZD'
-12.88058901,40.18525579,33.45623038,-7.867868463,130.4514695,581.25,-43.56413576,-21.55493334,-58.05817344,274.8031854,9.975194084,223.3758483,-62.72910942,-17.87884956,-69.1521872,-64.48863636,-21.16386803,-70.59434099,-35.60833857,-40.73950775,-7.600806624,-63.66000937,45.80493118,-62.65450511,'ZD'
357.9776713,-42.36764799,-31.39957879,90.01158044,25.07151856,-43.28358209,380.0066911,-49.58819333,46.39135681,605.3544278,-43.06426932,141.8502297,314.5242572,-38.14512806,80.00699974,-85.32423208,-74.97035087,-72.64088726,-58.28258325,-80.42175025,749.7262968,83.55919246,-3.329876638,0.965524511,'ZD'
202.5561536,-27.9556876,-4.998286124,30.04368706,15.43626104,-47.76119403,238.2762652,-51.04320156,1.186119874,627.4513438,-29.59885852,381.9917702,204.3022665,-22.06062205,2.81098776,-87.23404255,154.1481864,-74.87661255,-38.96904395,-78.46040922,209.3529547,31.37933374,6.657513675,4.824655314,'ZD'
148.5779157,-26.55056432,14.33526012,13.25786403,27.06882235,-21.875,137.0059943,-49.12810885,-15.63764292,1145.659256,16.50336464,730.1834639,71.28644021,-21.21690914,-6.91195795,-92.36641221,-57.04584623,-75.19446025,-4.282390574,-64.5017703,122.5036535,-9.257411212,-0.202450363,-29.30259557,'ZD'
